{"cameraMode":{"drawMode":0,"name":"Shaded","section":"Shading Mode"},"sceneLighting":true,"audioPlay":false,"sceneViewState":{"m_AlwaysRefresh":false,"showFog":true,"showSkybox":true,"showFlares":true,"showImageEffects":true,"showParticleSystems":true,"showVisualEffectGraphs":true,"m_FxEnabled":true},"in2DMode":false,"pivot":{"x":2.997799873352051,"y":3.800290822982788,"z":-6.792302131652832},"rotation":{"x":0.11417499929666519,"y":0.07307731360197067,"z":-0.009803865104913712,"w":0.990973949432373},"size":0.8660253882408142,"orthographic":false}