{"cameraMode":{"drawMode":0,"name":"Shaded","section":"Shading Mode"},"sceneLighting":true,"audioPlay":false,"sceneViewState":{"m_AlwaysRefresh":false,"showFog":true,"showSkybox":true,"showFlares":true,"showImageEffects":true,"showParticleSystems":true,"showVisualEffectGraphs":true,"m_FxEnabled":true},"in2DMode":false,"pivot":{"x":15.940555572509766,"y":5.7748122215271,"z":7.670591831207275},"rotation":{"x":0.24308109283447267,"y":0.04667152091860771,"z":-0.011685479432344437,"w":0.9689003825187683},"size":0.8660253882408142,"orthographic":false}