{"cameraMode":{"drawMode":0,"name":"Shaded","section":"Shading Mode"},"sceneLighting":false,"audioPlay":false,"sceneViewState":{"m_AlwaysRefresh":false,"showFog":true,"showSkybox":false,"showFlares":true,"showImageEffects":true,"showParticleSystems":true,"showVisualEffectGraphs":true,"m_FxEnabled":true},"in2DMode":false,"pivot":{"x":0.00018846988677978516,"y":-0.0012913346290588379,"z":0.0007967948913574219},"rotation":{"x":0.35802119970321658,"y":0.42729032039642336,"z":-0.18909600377082826,"w":0.8085244297981262},"size":2.0212135314941408,"orthographic":false}