{"cameraMode":{"drawMode":0,"name":"Shaded","section":"Shading Mode"},"sceneLighting":false,"audioPlay":false,"sceneViewState":{"m_AlwaysRefresh":false,"showFog":true,"showSkybox":false,"showFlares":true,"showImageEffects":true,"showParticleSystems":true,"showVisualEffectGraphs":true,"m_FxEnabled":true},"in2DMode":false,"pivot":{"x":14.141633033752442,"y":6.4104695320129398,"z":-16.58063507080078},"rotation":{"x":0.35802119970321658,"y":0.42729032039642336,"z":-0.18909600377082826,"w":0.8085244297981262},"size":0.8660253882408142,"orthographic":false}